age,sex,ph.karno
0.012378136857999412,-0.49716548332370036,-0.013318036104916355
